task,modality,feature,mean_abs_shap,rank
er,genomic,ESR1,0.2718895573006952,1
er,genomic,FOXC1,0.15469887993819198,2
er,genomic,MAPT,0.06377458563782508,3
er,genomic,NAT1,0.05305139709825878,4
er,genomic,ANLN,0.0459324061576672,5
er,genomic,ERBB2,0.03986417069786824,6
er,clinical,age,0.037297253644412734,7
er,clinical,stage_III,0.036854538372374825,8
er,genomic,CDH3,0.0365497039281953,9
er,genomic,CEP55,0.03574911025686862,10
er,genomic,CDC6,0.03502458025499366,11
er,genomic,RRM2,0.03127907922283088,12
er,genomic,MLPH,0.029859774556724117,13
er,genomic,CXXC5,0.029469400563649464,14
er,clinical,nodal_N0,0.026330272549706452,15
er,genomic,CCNE1,0.025736149707362183,16
er,genomic,CENPF,0.0247534524167439,17
er,clinical,nodal_N2,0.022550009635191482,18
er,genomic,PHGDH,0.02204473024561792,19
er,genomic,TMEM45B,0.020177102421843156,20
er,genomic,FGFR4,0.020002563333176633,21
er,genomic,BLVRA,0.01887295826631652,22
er,genomic,KRT17,0.01844479883304915,23
er,genomic,GRB7,0.017369261749843604,24
er,genomic,ACTR3B,0.01728390695074067,25
er,genomic,GPR160,0.017199446673965203,26
er,genomic,CCNB1,0.01705478230298835,27
er,genomic,BCL2,0.01513467722393198,28
er,clinical,stage_I,0.014415285212905523,29
er,genomic,EXO1,0.014319505121975294,30
er,genomic,PGR,0.014249305043347144,31
er,clinical,stage_II,0.013731652302533034,32
er,genomic,EGFR,0.013521211990155772,33
er,genomic,FOXA1,0.013299443757075445,34
er,genomic,SLC39A6,0.011619360541215578,35
er,genomic,BIRC5,0.009908228864105044,36
er,clinical,nodal_N1,0.00897945612979801,37
er,genomic,SFRP1,0.008850389466719842,38
er,genomic,MYBL2,0.008841382722223356,39
er,genomic,MDM2,0.00874466390219992,40
er,genomic,BAG1,0.007963394626566957,41
er,genomic,KRT14,0.00788035195367309,42
er,genomic,MIA,0.0073149762167354,43
er,genomic,MELK,0.006956456326964416,44
er,genomic,MYC,0.00683196581476231,45
er,genomic,ORC6L,0.006659875506014428,46
er,genomic,KIF2C,0.006321227836917955,47
er,genomic,MMP11,0.005823635943457935,48
er,genomic,KRT5,0.005699236748788799,49
er,clinical,nodal_N3,0.005539212135627165,50
er,genomic,NDC80,0.005397764522610453,51
er,genomic,UBE2T,0.004887101006901043,52
er,genomic,CDC20,0.004785939129336678,53
er,genomic,TYMS,0.00451606361173162,54
er,genomic,UBE2C,0.0043839816097310256,55
er,clinical,stage_IV,0.004153091660090092,56
er,genomic,MKI67,0.0033774840736198147,57
er,genomic,NUF2,0.003235477350270354,58
er,genomic,PTTG1,0.003218548456706412,59
er,clinical,stage_Unknown,0.0017037415578272505,60
er,clinical,nodal_Unknown,0.0011447971245359808,61
er,clinical,sex_male,0.0007875337895105191,62
pr,genomic,ESR1,0.17161021997666767,1
pr,genomic,FOXC1,0.13501846207891946,2
pr,genomic,MAPT,0.046840167881303366,3
pr,genomic,CEP55,0.0394052561770548,4
pr,genomic,NAT1,0.03703576912566485,5
pr,genomic,ANLN,0.031189830232440135,6
pr,genomic,CDH3,0.027797833607900755,7
pr,genomic,CDC6,0.026942101257180103,8
pr,genomic,ERBB2,0.024891478733295908,9
pr,clinical,stage_III,0.022800106574034838,10
pr,genomic,CCNE1,0.02231832012938978,11
pr,genomic,RRM2,0.02075445783953855,12
pr,genomic,CXXC5,0.018023979803799894,13
pr,clinical,age,0.017885237458075007,14
pr,genomic,PHGDH,0.017260784502343446,15
pr,genomic,CENPF,0.016849532690906138,16
pr,genomic,MLPH,0.015490426367313842,17
pr,genomic,KRT17,0.01437190436418992,18
pr,genomic,CCNB1,0.014367052622583264,19
pr,genomic,TMEM45B,0.01370748657646057,20
pr,genomic,FGFR4,0.012965925808403297,21
pr,genomic,EXO1,0.01259767287720746,22
pr,genomic,ACTR3B,0.012525513057485041,23
pr,clinical,nodal_N0,0.012287827142284722,24
pr,genomic,BLVRA,0.01161206298989649,25
pr,genomic,GPR160,0.011612043551144017,26
pr,genomic,GRB7,0.011407205952327687,27
pr,genomic,MYBL2,0.010142957028512438,28
pr,genomic,EGFR,0.009498215257401911,29
pr,genomic,BCL2,0.008975713103243391,30
pr,genomic,FOXA1,0.008257964052394436,31
pr,genomic,PGR,0.008167483132620095,32
pr,clinical,stage_II,0.007828510735038496,33
pr,clinical,stage_I,0.007469852802209149,34
pr,clinical,nodal_N2,0.007300300729041128,35
pr,genomic,SFRP1,0.006924859281727561,36
pr,genomic,SLC39A6,0.006554055604523391,37
pr,genomic,KIF2C,0.006110800539753374,38
pr,clinical,nodal_N1,0.005892358998869162,39
pr,genomic,BIRC5,0.005449517586831639,40
pr,genomic,CDC20,0.005162789152079491,41
pr,genomic,KRT14,0.005159178657523119,42
pr,genomic,BAG1,0.00492893217683079,43
pr,genomic,MIA,0.004815046159509247,44
pr,genomic,MYC,0.00463430529269056,45
pr,genomic,MDM2,0.0046157082559087044,46
pr,genomic,TYMS,0.00422923504998321,47
pr,genomic,KRT5,0.003776284360343526,48
pr,genomic,MELK,0.0032111148724876053,49
pr,genomic,UBE2C,0.003128571926995946,50
pr,genomic,ORC6L,0.002919717630067305,51
pr,genomic,NDC80,0.0028502053900939517,52
pr,genomic,MMP11,0.002791831427199374,53
pr,genomic,NUF2,0.002692431176444104,54
pr,clinical,stage_IV,0.0026247834507384872,55
pr,genomic,UBE2T,0.002431765487396455,56
pr,clinical,nodal_N3,0.0020928058414382542,57
pr,genomic,MKI67,0.0019527405256901122,58
pr,genomic,PTTG1,0.0018714593401701867,59
pr,clinical,nodal_Unknown,0.0010490796385123969,60
pr,clinical,stage_Unknown,0.0005137303337548132,61
pr,clinical,sex_male,0.0003492230262211433,62
her2,genomic,FOXC1,0.14505648950840022,1
her2,genomic,ANLN,0.05769578103724267,2
her2,genomic,ESR1,0.056506004645908985,3
her2,genomic,MAPT,0.03970570967550599,4
her2,genomic,CEP55,0.0390112407287105,5
her2,genomic,CDC6,0.034378191237543224,6
her2,genomic,KRT17,0.032037586465137845,7
her2,genomic,NAT1,0.02968201695157975,8
her2,clinical,age,0.02959249807429914,9
her2,clinical,nodal_N0,0.02172644204100831,10
her2,genomic,ERBB2,0.01904496965178537,11
her2,genomic,CCNB1,0.018176269443801685,12
her2,genomic,CXXC5,0.017636280090421338,13
her2,genomic,GRB7,0.017241358954424062,14
her2,genomic,RRM2,0.016727477529089766,15
her2,genomic,CENPF,0.016590942511082927,16
her2,genomic,PHGDH,0.01258180107707349,17
her2,genomic,EXO1,0.012284823575056385,18
her2,genomic,CDH3,0.01147288688889442,19
her2,genomic,CCNE1,0.01128571955340312,20
her2,genomic,TMEM45B,0.011237278711866689,21
her2,genomic,BIRC5,0.010643592436691088,22
her2,clinical,stage_III,0.010279661679796874,23
her2,genomic,BLVRA,0.010033599817674774,24
her2,clinical,stage_II,0.010013145280860353,25
her2,clinical,nodal_N2,0.009817647577402607,26
her2,clinical,nodal_N1,0.00950511130417137,27
her2,genomic,EGFR,0.009349943120004292,28
her2,genomic,KRT14,0.009122336365189556,29
her2,genomic,MLPH,0.00769571335460563,30
her2,genomic,SFRP1,0.007639106184401986,31
her2,genomic,MYBL2,0.006881996674861111,32
her2,genomic,MYC,0.006842806858303232,33
her2,genomic,FGFR4,0.0068386859244412655,34
her2,genomic,MIA,0.006424992118244772,35
her2,clinical,stage_I,0.0060096495497494054,36
her2,genomic,BCL2,0.005853644746344209,37
her2,genomic,SLC39A6,0.005726903038230467,38
her2,genomic,ACTR3B,0.00565094074132446,39
her2,genomic,KRT5,0.005073446059152406,40
her2,genomic,GPR160,0.004814547757539755,41
her2,genomic,MKI67,0.004572364642140041,42
her2,genomic,PGR,0.0045275304727127015,43
her2,genomic,BAG1,0.004005603215784196,44
her2,genomic,UBE2C,0.003872729608233559,45
her2,genomic,MELK,0.0037598947618146376,46
her2,genomic,CDC20,0.0037041117307011883,47
her2,genomic,MDM2,0.003653260458028222,48
her2,clinical,stage_IV,0.003531040645464632,49
her2,clinical,nodal_N3,0.0034864776585684914,50
her2,genomic,ORC6L,0.003318277576544358,51
her2,genomic,NUF2,0.003047645706785356,52
her2,genomic,KIF2C,0.003036529055809401,53
her2,genomic,UBE2T,0.002994294511276473,54
her2,genomic,TYMS,0.0028235044248291095,55
her2,genomic,NDC80,0.0027899865852654606,56
her2,genomic,MMP11,0.002651253693931152,57
her2,genomic,PTTG1,0.002460169535130209,58
her2,genomic,FOXA1,0.002309194238688035,59
her2,clinical,stage_Unknown,0.0018254611199120683,60
her2,clinical,nodal_Unknown,0.0008801010383863814,61
her2,clinical,sex_male,0.0006234229410005844,62
pam50,genomic,ESR1,0.3774589622975213,1
pam50,genomic,FOXC1,0.29126767698986583,2
pam50,genomic,CEP55,0.09553229895467166,3
pam50,genomic,ANLN,0.08930172737692177,4
pam50,genomic,MAPT,0.08462086155399799,5
pam50,genomic,NAT1,0.06782535537667436,6
pam50,genomic,CDC6,0.06552366371450077,7
pam50,genomic,KRT17,0.06006566421426838,8
pam50,clinical,age,0.05858040914518496,9
pam50,genomic,CDH3,0.055655973273154344,10
pam50,genomic,ERBB2,0.05067020356225591,11
pam50,genomic,RRM2,0.04226923259330986,12
pam50,genomic,CCNE1,0.042194796758227564,13
pam50,clinical,nodal_N2,0.04205290305314129,14
pam50,genomic,CCNB1,0.041086165872490484,15
pam50,clinical,nodal_N0,0.04004650852879919,16
pam50,genomic,MLPH,0.03967817142093796,17
pam50,genomic,CXXC5,0.03805229182527991,18
pam50,genomic,CENPF,0.03721688580735009,19
pam50,genomic,PHGDH,0.03448000651707906,20
pam50,genomic,GRB7,0.03424589000270295,21
pam50,clinical,stage_I,0.02767437757760488,22
pam50,genomic,TMEM45B,0.026849364913126967,23
pam50,genomic,EXO1,0.026778914539582248,24
pam50,genomic,FGFR4,0.026273553570913,25
pam50,clinical,stage_III,0.026187049118539106,26
pam50,clinical,stage_II,0.024718405207306043,27
pam50,genomic,ACTR3B,0.024585742507692344,28
pam50,genomic,BLVRA,0.0244678937008795,29
pam50,genomic,GPR160,0.02297413377702572,30
pam50,clinical,nodal_N1,0.022940598047070885,31
pam50,genomic,BIRC5,0.021807149120269934,32
pam50,genomic,MYBL2,0.021552440774128778,33
pam50,genomic,EGFR,0.02122782438124464,34
pam50,genomic,BCL2,0.018486021501538382,35
pam50,genomic,FOXA1,0.01805593635659166,36
pam50,genomic,PGR,0.017349944964405166,37
pam50,genomic,SFRP1,0.01695682439479211,38
pam50,genomic,KRT14,0.016605958205122874,39
pam50,genomic,SLC39A6,0.014120565726198579,40
pam50,genomic,CDC20,0.01227953055552301,41
pam50,genomic,MYC,0.01227823979172475,42
pam50,genomic,KIF2C,0.01203607057714742,43
pam50,genomic,MDM2,0.011416370070033743,44
pam50,genomic,MIA,0.01119481650490389,45
pam50,genomic,BAG1,0.010260745471110257,46
pam50,clinical,stage_IV,0.00989830852215301,47
pam50,genomic,KRT5,0.009438542939843749,48
pam50,genomic,TYMS,0.00907031003101461,49
pam50,genomic,MMP11,0.0089469451284278,50
pam50,genomic,ORC6L,0.008809832798615145,51
pam50,clinical,nodal_N3,0.008780592550869399,52
pam50,genomic,MELK,0.008307778192708283,53
pam50,genomic,UBE2C,0.007899428582833438,54
pam50,genomic,NDC80,0.006734728440626644,55
pam50,genomic,UBE2T,0.0066185712444007975,56
pam50,genomic,NUF2,0.006600339124812437,57
pam50,genomic,MKI67,0.006554381827066772,58
pam50,genomic,PTTG1,0.005620039434348257,59
pam50,clinical,stage_Unknown,0.004455272396409302,60
pam50,clinical,nodal_Unknown,0.0019516918949687725,61
pam50,clinical,sex_male,0.00155039326474448,62
pam50_luminal_a,genomic,ESR1,0.48429623880644135,1
pam50_luminal_a,genomic,FOXC1,0.31905455790411485,2
pam50_luminal_a,genomic,MAPT,0.1419836087453064,3
pam50_luminal_a,genomic,ANLN,0.12773680772083346,4
pam50_luminal_a,genomic,NAT1,0.11473327929465064,5
pam50_luminal_a,genomic,CEP55,0.11075533473127132,6
pam50_luminal_a,genomic,CDC6,0.08844234364772711,7
pam50_luminal_a,genomic,ERBB2,0.0778869899381706,8
pam50_luminal_a,genomic,CDH3,0.07143605073632439,9
pam50_luminal_a,genomic,RRM2,0.07056553441903063,10
pam50_luminal_a,clinical,nodal_N2,0.06408865538397937,11
pam50_luminal_a,genomic,CCNE1,0.06219312630933355,12
pam50_luminal_a,genomic,CXXC5,0.06141686162382441,13
pam50_luminal_a,genomic,CENPF,0.06002846924156191,14
pam50_luminal_a,clinical,age,0.052808242049185244,15
pam50_luminal_a,genomic,PHGDH,0.051776079151559413,16
pam50_luminal_a,genomic,MLPH,0.051470466393976046,17
pam50_luminal_a,genomic,CCNB1,0.04744803530790251,18
pam50_luminal_a,genomic,KRT17,0.043105874607605135,19
pam50_luminal_a,genomic,TMEM45B,0.042782618017461936,20
pam50_luminal_a,clinical,stage_I,0.04210887665714463,21
pam50_luminal_a,genomic,GRB7,0.041372645091007264,22
pam50_luminal_a,genomic,EXO1,0.04062350363486091,23
pam50_luminal_a,genomic,BLVRA,0.03713699758837152,24
pam50_luminal_a,clinical,nodal_N0,0.037026198423439245,25
pam50_luminal_a,genomic,ACTR3B,0.035168162869304055,26
pam50_luminal_a,genomic,FGFR4,0.03399024037024262,27
pam50_luminal_a,genomic,GPR160,0.03381208212815544,28
pam50_luminal_a,genomic,BCL2,0.028578554726631632,29
pam50_luminal_a,genomic,MYBL2,0.027481091482673345,30
pam50_luminal_a,genomic,PGR,0.024947452262642642,31
pam50_luminal_a,genomic,FOXA1,0.022972143340164664,32
pam50_luminal_a,genomic,EGFR,0.022026709503811276,33
pam50_luminal_a,genomic,SLC39A6,0.021920330399284968,34
pam50_luminal_a,clinical,stage_II,0.020996129740033783,35
pam50_luminal_a,clinical,stage_III,0.020720369934115187,36
pam50_luminal_a,clinical,nodal_N1,0.01788376237339636,37
pam50_luminal_a,genomic,SFRP1,0.017428727109586973,38
pam50_luminal_a,genomic,KIF2C,0.016892751631032918,39
pam50_luminal_a,genomic,BIRC5,0.01655116868044934,40
pam50_luminal_a,genomic,KRT14,0.01614397760529524,41
pam50_luminal_a,genomic,MDM2,0.01521809365348664,42
pam50_luminal_a,genomic,CDC20,0.01467874555357065,43
pam50_luminal_a,genomic,BAG1,0.013965708471880136,44
pam50_luminal_a,genomic,MIA,0.013884736074462894,45
pam50_luminal_a,genomic,MYC,0.013466759013862808,46
pam50_luminal_a,clinical,stage_IV,0.012141701776281318,47
pam50_luminal_a,genomic,TYMS,0.011717553091573227,48
pam50_luminal_a,clinical,nodal_N3,0.011503193879724921,49
pam50_luminal_a,genomic,KRT5,0.01109022102537317,50
pam50_luminal_a,genomic,MELK,0.010065239754691995,51
pam50_luminal_a,genomic,ORC6L,0.00979259522219945,52
pam50_luminal_a,genomic,MMP11,0.009428155067121552,53
pam50_luminal_a,genomic,NDC80,0.009219233695532245,54
pam50_luminal_a,genomic,UBE2C,0.008375294020608399,55
pam50_luminal_a,genomic,UBE2T,0.0074137258952257324,56
pam50_luminal_a,genomic,NUF2,0.0062783280402341395,57
pam50_luminal_a,genomic,MKI67,0.006181899408243915,58
pam50_luminal_a,clinical,stage_Unknown,0.0053895593514027475,59
pam50_luminal_a,genomic,PTTG1,0.004936798974506981,60
pam50_luminal_a,clinical,nodal_Unknown,0.00232662233578505,61
pam50_luminal_a,clinical,sex_male,0.0015480637425218688,62
pam50_luminal_b,genomic,ESR1,0.4675798748118073,1
pam50_luminal_b,genomic,FOXC1,0.38694354366625683,2
pam50_luminal_b,genomic,CEP55,0.09455951967886157,3
pam50_luminal_b,genomic,KRT17,0.07550706367228252,4
pam50_luminal_b,genomic,CDH3,0.07305316859543705,5
pam50_luminal_b,clinical,age,0.06353312648929345,6
pam50_luminal_b,genomic,ANLN,0.053142611862895324,7
pam50_luminal_b,genomic,MAPT,0.05159300291956347,8
pam50_luminal_b,genomic,CDC6,0.04581932653720203,9
pam50_luminal_b,genomic,ERBB2,0.04419974300215764,10
pam50_luminal_b,genomic,NAT1,0.0440294931986565,11
pam50_luminal_b,genomic,MLPH,0.043009435841468054,12
pam50_luminal_b,genomic,CCNB1,0.0402126715370061,13
pam50_luminal_b,clinical,nodal_N0,0.03994643738255119,14
pam50_luminal_b,genomic,CCNE1,0.0397907855510025,15
pam50_luminal_b,clinical,nodal_N1,0.03207167479337311,16
pam50_luminal_b,clinical,nodal_N2,0.030341396007118975,17
pam50_luminal_b,genomic,FGFR4,0.029847550861685,18
pam50_luminal_b,genomic,GRB7,0.028987791570219863,19
pam50_luminal_b,clinical,stage_I,0.02786389818665841,20
pam50_luminal_b,genomic,BIRC5,0.027600019690860057,21
pam50_luminal_b,genomic,RRM2,0.027432468816760387,22
pam50_luminal_b,genomic,CXXC5,0.02688544677755272,23
pam50_luminal_b,genomic,EGFR,0.0253729866035917,24
pam50_luminal_b,genomic,ACTR3B,0.02503603485621064,25
pam50_luminal_b,genomic,PHGDH,0.02393321165435544,26
pam50_luminal_b,genomic,GPR160,0.021974015615830934,27
pam50_luminal_b,genomic,FOXA1,0.02187230297217079,28
pam50_luminal_b,genomic,SFRP1,0.020833817150690357,29
pam50_luminal_b,genomic,CENPF,0.02049664457415504,30
pam50_luminal_b,genomic,MYBL2,0.020361192882394213,31
pam50_luminal_b,genomic,TMEM45B,0.019418861656087787,32
pam50_luminal_b,genomic,BLVRA,0.01932489994138935,33
pam50_luminal_b,genomic,KRT14,0.01759986763468889,34
pam50_luminal_b,clinical,stage_III,0.016827793813734383,35
pam50_luminal_b,genomic,PGR,0.016177031991297906,36
pam50_luminal_b,genomic,EXO1,0.01545984046906759,37
pam50_luminal_b,genomic,BCL2,0.014876027745859851,38
pam50_luminal_b,clinical,stage_II,0.01482939204126163,39
pam50_luminal_b,genomic,MYC,0.011919782408892757,40
pam50_luminal_b,genomic,MDM2,0.011199000852978496,41
pam50_luminal_b,genomic,KIF2C,0.011001610652272776,42
pam50_luminal_b,genomic,SLC39A6,0.010975628202741405,43
pam50_luminal_b,genomic,MMP11,0.010707733035110098,44
pam50_luminal_b,genomic,CDC20,0.010667224796397605,45
pam50_luminal_b,genomic,BAG1,0.008984210687117163,46
pam50_luminal_b,genomic,ORC6L,0.008782901558260696,47
pam50_luminal_b,genomic,TYMS,0.00863014689304308,48
pam50_luminal_b,genomic,KRT5,0.008379252173998139,49
pam50_luminal_b,clinical,stage_IV,0.008349072802481542,50
pam50_luminal_b,genomic,MIA,0.008109892921969166,51
pam50_luminal_b,clinical,nodal_N3,0.007856200710735674,52
pam50_luminal_b,genomic,UBE2C,0.007851817448164173,53
pam50_luminal_b,genomic,NUF2,0.0074391058984500154,54
pam50_luminal_b,genomic,MELK,0.0062912979831169545,55
pam50_luminal_b,genomic,PTTG1,0.005750385512346363,56
pam50_luminal_b,genomic,UBE2T,0.0051917566935500625,57
pam50_luminal_b,genomic,MKI67,0.00509395013460231,58
pam50_luminal_b,genomic,NDC80,0.004871052182465172,59
pam50_luminal_b,clinical,stage_Unknown,0.0019298204688215689,60
pam50_luminal_b,clinical,nodal_Unknown,0.0014942036104643461,61
pam50_luminal_b,clinical,sex_male,0.0013772032529453604,62
pam50_her2_enriched,genomic,ESR1,0.32702096894878785,1
pam50_her2_enriched,genomic,ANLN,0.17455259027858944,2
pam50_her2_enriched,genomic,MAPT,0.15638239246448388,3
pam50_her2_enriched,genomic,CEP55,0.12571486894756156,4
pam50_her2_enriched,genomic,CDC6,0.12177189460070721,5
pam50_her2_enriched,genomic,NAT1,0.11910739512206846,6
pam50_her2_enriched,genomic,FOXC1,0.10430794461623519,7
pam50_her2_enriched,genomic,ERBB2,0.07565362235472543,8
pam50_her2_enriched,clinical,age,0.0712629880381204,9
pam50_her2_enriched,genomic,RRM2,0.0710753377712634,10
pam50_her2_enriched,genomic,KRT17,0.06940123767876429,11
pam50_her2_enriched,genomic,CXXC5,0.06872020926377811,12
pam50_her2_enriched,genomic,CENPF,0.06608285968311663,13
pam50_her2_enriched,genomic,CCNB1,0.06295274835798662,14
pam50_her2_enriched,genomic,GRB7,0.055950128303039075,15
pam50_her2_enriched,clinical,nodal_N0,0.04909997239053627,16
pam50_her2_enriched,clinical,stage_II,0.048842641363194605,17
pam50_her2_enriched,clinical,nodal_N2,0.04720239056323462,18
pam50_her2_enriched,genomic,MLPH,0.04630432002156806,19
pam50_her2_enriched,genomic,PHGDH,0.045821765259977824,20
pam50_her2_enriched,genomic,EXO1,0.04341913786904174,21
pam50_her2_enriched,genomic,TMEM45B,0.042427697255279014,22
pam50_her2_enriched,genomic,BLVRA,0.04069219280103751,23
pam50_her2_enriched,genomic,CCNE1,0.03438267839965043,24
pam50_her2_enriched,genomic,BCL2,0.029112653769244136,25
pam50_her2_enriched,genomic,FGFR4,0.02739776890764974,26
pam50_her2_enriched,genomic,CDH3,0.027296194695618982,27
pam50_her2_enriched,genomic,GPR160,0.02681150892207143,28
pam50_her2_enriched,clinical,stage_III,0.025445824166495885,29
pam50_her2_enriched,clinical,stage_I,0.025055706634794176,30
pam50_her2_enriched,genomic,PGR,0.02420075751610299,31
pam50_her2_enriched,genomic,MYBL2,0.024172257720301592,32
pam50_her2_enriched,genomic,SLC39A6,0.024047249182383275,33
pam50_her2_enriched,genomic,BIRC5,0.02372437090238589,34
pam50_her2_enriched,genomic,KRT14,0.022782754492907387,35
pam50_her2_enriched,genomic,ACTR3B,0.02247307889055492,36
pam50_her2_enriched,clinical,nodal_N1,0.02097932709725718,37
pam50_her2_enriched,genomic,MIA,0.017758366090769945,38
pam50_her2_enriched,genomic,MYC,0.017432483241319303,39
pam50_her2_enriched,genomic,MDM2,0.01661256830939614,40
pam50_her2_enriched,genomic,BAG1,0.01610849006009617,41
pam50_her2_enriched,genomic,EGFR,0.014753261987430124,42
pam50_her2_enriched,genomic,FOXA1,0.014483495590350143,43
pam50_her2_enriched,genomic,MELK,0.013727440424500014,44
pam50_her2_enriched,genomic,KRT5,0.013416326615705366,45
pam50_her2_enriched,genomic,SFRP1,0.012391232056275583,46
pam50_her2_enriched,genomic,ORC6L,0.012300618416584726,47
pam50_her2_enriched,clinical,nodal_N3,0.011369223984924237,48
pam50_her2_enriched,genomic,MKI67,0.011358038096875241,49
pam50_her2_enriched,genomic,NDC80,0.011163814168310414,50
pam50_her2_enriched,genomic,UBE2T,0.010295127478598717,51
pam50_her2_enriched,genomic,MMP11,0.010233890088750476,52
pam50_her2_enriched,genomic,UBE2C,0.008770351398473849,53
pam50_her2_enriched,genomic,CDC20,0.008097470586896078,54
pam50_her2_enriched,clinical,stage_IV,0.008015588440509524,55
pam50_her2_enriched,genomic,KIF2C,0.007975943822830771,56
pam50_her2_enriched,genomic,TYMS,0.007075814761714671,57
pam50_her2_enriched,genomic,PTTG1,0.005355524535023832,58
pam50_her2_enriched,clinical,stage_Unknown,0.004657553385641781,59
pam50_her2_enriched,genomic,NUF2,0.004605791628658173,60
pam50_her2_enriched,clinical,sex_male,0.0020733859157014522,61
pam50_her2_enriched,clinical,nodal_Unknown,0.001816914216075145,62
pam50_basal_like,genomic,FOXC1,0.5590294173991954,1
pam50_basal_like,genomic,ESR1,0.5094609191131978,2
pam50_basal_like,genomic,CDH3,0.09565648089110569,3
pam50_basal_like,genomic,CEP55,0.07882811757708219,4
pam50_basal_like,genomic,CCNE1,0.0651473928503824,5
pam50_basal_like,genomic,KRT17,0.06499831976224275,6
pam50_basal_like,clinical,nodal_N2,0.05869400253612974,7
pam50_basal_like,clinical,age,0.05482387464966,8
pam50_basal_like,genomic,MAPT,0.052833803320740884,9
pam50_basal_like,genomic,NAT1,0.04912637497464613,10
pam50_basal_like,genomic,ERBB2,0.04860021059812929,11
pam50_basal_like,genomic,ANLN,0.04547662558184459,12
pam50_basal_like,clinical,nodal_N0,0.043192562026935555,13
pam50_basal_like,genomic,CDC6,0.038627242066446854,14
pam50_basal_like,genomic,MLPH,0.038048748090140076,15
pam50_basal_like,genomic,PHGDH,0.03649651701734727,16
pam50_basal_like,clinical,stage_I,0.03501193402390117,17
pam50_basal_like,genomic,RRM2,0.034952534846058356,18
pam50_basal_like,genomic,ACTR3B,0.03493559867333194,19
pam50_basal_like,clinical,nodal_N1,0.03239717397613186,20
pam50_basal_like,genomic,CCNB1,0.03226758063275644,21
pam50_basal_like,clinical,stage_III,0.03172880407756655,22
pam50_basal_like,genomic,EGFR,0.030865363948578212,23
pam50_basal_like,genomic,FGFR4,0.030462365669022134,24
pam50_basal_like,genomic,SFRP1,0.02814982771216852,25
pam50_basal_like,genomic,GPR160,0.027618570393757813,26
pam50_basal_like,genomic,CXXC5,0.027076811241360802,27
pam50_basal_like,genomic,CENPF,0.027047015967524953,28
pam50_basal_like,genomic,BIRC5,0.026325010689031463,29
pam50_basal_like,genomic,GRB7,0.023430814442826162,30
pam50_basal_like,genomic,FOXA1,0.023158681035082056,31
pam50_basal_like,genomic,TMEM45B,0.022186566364378827,32
pam50_basal_like,genomic,MYBL2,0.02019036682199507,33
pam50_basal_like,clinical,stage_II,0.019567039519317993,34
pam50_basal_like,genomic,KIF2C,0.01940488971321732,35
pam50_basal_like,genomic,BLVRA,0.018517419705524986,36
pam50_basal_like,genomic,KRT14,0.017915626170878364,37
pam50_basal_like,genomic,CDC20,0.017799156202272393,38
pam50_basal_like,genomic,EXO1,0.01759652083198785,39
pam50_basal_like,genomic,MYC,0.014745486424788734,40
pam50_basal_like,genomic,PGR,0.01419296191110873,41
pam50_basal_like,clinical,stage_IV,0.014183119189710507,42
pam50_basal_like,genomic,BCL2,0.013920118061806864,43
pam50_basal_like,genomic,MIA,0.013113265490106036,44
pam50_basal_like,genomic,TYMS,0.011984373641624944,45
pam50_basal_like,genomic,KRT5,0.011518939197558866,46
pam50_basal_like,genomic,NUF2,0.011282667431949465,47
pam50_basal_like,genomic,UBE2C,0.011051386985544228,48
pam50_basal_like,genomic,MDM2,0.009692088028101616,49
pam50_basal_like,genomic,SLC39A6,0.009259635000713808,50
pam50_basal_like,clinical,nodal_N3,0.0090259482520197,51
pam50_basal_like,genomic,MMP11,0.00806602153007688,52
pam50_basal_like,genomic,BAG1,0.007521742255355555,53
pam50_basal_like,genomic,MKI67,0.007352317881208843,54
pam50_basal_like,genomic,ORC6L,0.007146674598061649,55
pam50_basal_like,genomic,PTTG1,0.007052224091542928,56
pam50_basal_like,clinical,stage_Unknown,0.006976953566010448,57
pam50_basal_like,genomic,MELK,0.005726152842433982,58
pam50_basal_like,genomic,UBE2T,0.005306335844633333,59
pam50_basal_like,genomic,NDC80,0.0045780140599025985,60
pam50_basal_like,clinical,nodal_Unknown,0.0024618548518891338,61
pam50_basal_like,clinical,sex_male,0.0018995315996222768,62
pam50_normal_like,genomic,ESR1,0.09893680980737218,1
pam50_normal_like,genomic,FOXC1,0.08700292136352704,2
pam50_normal_like,genomic,CEP55,0.06780365383858168,3
pam50_normal_like,clinical,age,0.05047381449966579,4
pam50_normal_like,genomic,KRT17,0.04731582535044718,5
pam50_normal_like,genomic,ANLN,0.04560000144044607,6
pam50_normal_like,clinical,stage_III,0.036212453600783526,7
pam50_normal_like,genomic,CDC6,0.0329575117204206,8
pam50_normal_like,clinical,nodal_N0,0.030967372420533698,9
pam50_normal_like,genomic,CCNB1,0.022549793526800754,10
pam50_normal_like,genomic,GRB7,0.02148807060642239,11
pam50_normal_like,genomic,MAPT,0.020311500319895294,12
pam50_normal_like,genomic,MLPH,0.019557886757537574,13
pam50_normal_like,clinical,stage_II,0.019356823372722216,14
pam50_normal_like,genomic,EXO1,0.016795569892953166,15
pam50_normal_like,genomic,MYBL2,0.015557294963279672,16
pam50_normal_like,genomic,BIRC5,0.01483517563862291,17
pam50_normal_like,genomic,PHGDH,0.014372459502155351,18
pam50_normal_like,genomic,EGFR,0.013120799862811883,19
pam50_normal_like,genomic,CENPF,0.012429439570391878,20
pam50_normal_like,genomic,NAT1,0.012130234293350056,21
pam50_normal_like,clinical,nodal_N1,0.011371051995195922,22
pam50_normal_like,genomic,CDH3,0.010837971447285589,23
pam50_normal_like,genomic,CDC20,0.010155055638478318,24
pam50_normal_like,clinical,nodal_N2,0.009938070775243748,25
pam50_normal_like,genomic,FGFR4,0.009669842045965521,26
pam50_normal_like,genomic,CCNE1,0.009460000680768927,27
pam50_normal_like,genomic,KRT14,0.008587565121844477,28
pam50_normal_like,clinical,stage_I,0.008331472385526006,29
pam50_normal_like,genomic,FOXA1,0.007793058845190647,30
pam50_normal_like,genomic,TMEM45B,0.007431081272427272,31
pam50_normal_like,genomic,RRM2,0.007320287113436551,32
pam50_normal_like,genomic,PGR,0.007231521140873552,33
pam50_normal_like,genomic,ERBB2,0.0070104519180965875,34
pam50_normal_like,clinical,stage_IV,0.00680206040178216,35
pam50_normal_like,genomic,BLVRA,0.006667958468074134,36
pam50_normal_like,genomic,MMP11,0.006298925921079995,37
pam50_normal_like,genomic,CXXC5,0.006162130219883517,38
pam50_normal_like,genomic,ORC6L,0.006026374197969207,39
pam50_normal_like,genomic,SFRP1,0.005980517945239112,40
pam50_normal_like,genomic,TYMS,0.005943661767117137,41
pam50_normal_like,genomic,BCL2,0.005942753204149439,42
pam50_normal_like,genomic,MELK,0.0057287599587984685,43
pam50_normal_like,genomic,ACTR3B,0.0053158372490601825,44
pam50_normal_like,genomic,PTTG1,0.005005264058321183,45
pam50_normal_like,genomic,KIF2C,0.004905157066383314,46
pam50_normal_like,genomic,UBE2T,0.004885910309996146,47
pam50_normal_like,genomic,BAG1,0.004723575881102259,48
pam50_normal_like,genomic,GPR160,0.004654491825312966,49
pam50_normal_like,genomic,SLC39A6,0.004399985845869426,50
pam50_normal_like,genomic,MDM2,0.004360099506205823,51
pam50_normal_like,clinical,nodal_N3,0.004148395926942466,52
pam50_normal_like,genomic,NDC80,0.0038415280969227904,53
pam50_normal_like,genomic,MYC,0.0038266878697601494,54
pam50_normal_like,genomic,UBE2C,0.0034482930613765382,55
pam50_normal_like,genomic,NUF2,0.0033958026247703854,56
pam50_normal_like,clinical,stage_Unknown,0.003322475210169964,57
pam50_normal_like,genomic,MIA,0.003107821947211398,58
pam50_normal_like,genomic,KRT5,0.002787975686583205,59
pam50_normal_like,genomic,MKI67,0.0027857036144035494,60
pam50_normal_like,clinical,nodal_Unknown,0.0016588644606301882,61
pam50_normal_like,clinical,sex_male,0.0008537818129314425,62
survival,clinical,age,0.46517650836150254,1
survival,clinical,nodal_N0,0.36097790699125515,2
survival,clinical,nodal_N2,0.1345090312566794,3
survival,clinical,stage_III,0.13036758439195203,4
survival,clinical,stage_II,0.12041908787684356,5
survival,genomic,MAPT,0.082977672002695,6
survival,genomic,ANLN,0.07831487279926466,7
survival,genomic,CEP55,0.07361374890425719,8
survival,clinical,nodal_N1,0.07194473439715589,9
survival,genomic,CDC6,0.06665649235916207,10
survival,genomic,ESR1,0.05873400837380152,11
survival,genomic,FOXC1,0.058338760891037546,12
survival,genomic,NAT1,0.05641338551559012,13
survival,clinical,stage_I,0.049349287044206665,14
survival,clinical,stage_IV,0.04541629895415765,15
survival,genomic,KRT17,0.041986231607055974,16
survival,genomic,CCNB1,0.04172959884432292,17
survival,genomic,RRM2,0.030736214504067855,18
survival,genomic,CENPF,0.0295118241706949,19
survival,genomic,CXXC5,0.028948084733667806,20
survival,genomic,ERBB2,0.02774065943636991,21
survival,genomic,GRB7,0.027277558940586998,22
survival,clinical,nodal_N3,0.02589748012224416,23
survival,clinical,stage_Unknown,0.023139030968806446,24
survival,genomic,BLVRA,0.020485564907247303,25
survival,genomic,EXO1,0.020450395282927677,26
survival,genomic,TMEM45B,0.018209669397291815,27
survival,genomic,MLPH,0.0170943485199309,28
survival,genomic,MYBL2,0.016127944858958562,29
survival,genomic,PHGDH,0.015448165314225935,30
survival,genomic,CCNE1,0.015372316472179456,31
survival,genomic,BCL2,0.014153290802131535,32
survival,genomic,BIRC5,0.013637501998761986,33
survival,genomic,FGFR4,0.012261580764861906,34
survival,genomic,KRT14,0.011944489680211182,35
survival,genomic,SLC39A6,0.011669398179388207,36
survival,genomic,CDH3,0.011472467994525476,37
survival,genomic,PGR,0.010908004785855564,38
survival,genomic,MYC,0.01061957480717813,39
survival,genomic,GPR160,0.010454616187829193,40
survival,genomic,BAG1,0.008265377125083021,41
survival,genomic,ACTR3B,0.008063358216320017,42
survival,genomic,MIA,0.007947194333263758,43
survival,genomic,SFRP1,0.007559428435726352,44
survival,genomic,EGFR,0.007325411654264846,45
survival,genomic,MELK,0.007013931713403583,46
survival,genomic,MDM2,0.006849580831844471,47
survival,genomic,KRT5,0.006664959273679237,48
survival,genomic,MKI67,0.005946889774557794,49
survival,genomic,MMP11,0.0057652157163745905,50
survival,genomic,NDC80,0.005615206160696409,51
survival,genomic,UBE2T,0.005462178356749219,52
survival,genomic,ORC6L,0.005244130395218655,53
survival,clinical,nodal_Unknown,0.004802692397686413,54
survival,genomic,UBE2C,0.0046989477348102476,55
survival,clinical,sex_male,0.00447080374693101,56
survival,genomic,CDC20,0.0041857635584126975,57
survival,genomic,FOXA1,0.004087210747710867,58
survival,genomic,TYMS,0.003902211194963373,59
survival,genomic,NUF2,0.003870887055130564,60
survival,genomic,KIF2C,0.003181564452209557,61
survival,genomic,PTTG1,0.003026592235513062,62
